mode,accuracy,sensitivity,specificity
train,0.99525,0.9952500000000001,0.9988125
test,0.982,0.982,0.9955
