mode,accuracy,sensitivity,specificity
train,0.996,0.9960000000000001,0.999
test,0.982,0.9819999999999999,0.9955
