mode,accuracy,sensitivity,specificity
train,0.9985,0.9984999999999999,0.999625
test,0.974,0.9739999999999999,0.9935
