fold,mode,accuracy,sensitivity,specificity
1,train,0.99775,0.9977499999999999,0.9994375
1,test,0.977,0.977,0.9942500000000001
2,train,0.99675,0.9967500000000001,0.9991875
2,test,0.97,0.97,0.9925
3,train,0.9955,0.9955,0.998875
3,test,0.964,0.9640000000000001,0.991
4,train,0.99675,0.9967500000000001,0.9991875
4,test,0.982,0.982,0.9955
5,train,0.997,0.9969999999999999,0.99925
5,test,0.981,0.9810000000000001,0.9952500000000001
