fold,mode,accuracy,sensitivity,specificity
1,train,0.99675,0.9967499999999999,0.9991875
1,test,0.979,0.9789999999999999,0.99475
2,train,0.9975,0.9974999999999999,0.999375
2,test,0.976,0.976,0.9940000000000001
3,train,0.99675,0.9967499999999999,0.9991875
3,test,0.975,0.975,0.99375
4,train,0.99725,0.99725,0.9993124999999999
4,test,0.982,0.982,0.9955
5,train,0.9965,0.9964999999999999,0.999125
5,test,0.98,0.9800000000000001,0.9949999999999999
