mode,accuracy,sensitivity,specificity
train,0.99925,0.99925,0.9998125
test,0.973,0.9730000000000001,0.9932500000000001
